Subreddit,Category
AdviceAnimals,Humor
AmItheAsshole,Learning and Education
AnimalsBeingBros,Animals and Pets
AnimalsBeingDerps,Animals and Pets
AnimalsBeingJerks,Animals and Pets
anime,Anime
Art,Art
AskReddit,Learning and Education
askscience,Science
AskWomen,Learning and Education
Awwducational,Animals and Pets
aww,Animals and Pets
BeAmazed,Internet Culture and Memes
Bitcoin,Technology
BlackPeopleTwitter,Internet Culture and Memes
books,"Reading, Writing, and Literature"
buildapc,Gaming
confession,Learning and Education
ContagiousLaughter,Humor
creepy,Internet Culture and Memes
CryptoCurrency,Crypto
dadjokes,Humor
Damnthatsinteresting,Internet Culture and Memes
dankmemes,Internet Culture and Memes
dataisbeautiful,Science
DIY,Crafts and DIY
Documentaries,Learning and Education
EarthPorn,Outdoors and Nature
EatCheapAndHealthy,Food and Drink
explainlikeimfive,Learning and Education
facepalm,Humor
Fitness,Fitness and Nutrition
FoodPorn,Food and Drink
food,Food and Drink
funny,Humor
Futurology,Technology
gadgets,Technology
gaming,Gaming
gardening,Home and Garden
GetMotivated,Ethics and Philosophy
gifs,Internet Culture and Memes
HistoryMemes,History
history,History
IAmA,Meta/Reddit
interestingasfuck,Internet Culture and Memes
InternetIsBeautiful,Internet Culture and Memes
Jokes,Humor
leagueoflegends,Gaming
lifehacks,Learning and Education
LifeProTips,Learning and Education
listentothis,Music
MadeMeSmile,Humor
memes,Internet Culture and Memes
me_irl,Anime
mildlyinfuriating,Internet Culture and Memes
mildlyinteresting,Internet Culture and Memes
Minecraft,Gaming
movies,Movies
Music,Music
NatureIsFuckingLit,Outdoors and Nature
nba,Sports
news,World News
nextfuckinglevel,Internet Culture and Memes
nosleep,"Reading, Writing, and Literature"
nottheonion,Humor
oddlysatisfying,Internet Culture and Memes
OldSchoolCool,History
Parenting,Family and Relationships
pcmasterrace,Technology
personalfinance,"Business, Economics, and Finance"
philosophy,Ethics and Philosophy
photoshopbattles,Humor
pics,"Images, Gifs, and Videos"
politics,Politics
PS4,Gaming
relationship_advice,Family and Relationships
science,Science
Showerthoughts,Humor
space,Science
sports,Sports
stocks,"Business, Economics, and Finance"
tattoos,Art
technology,Technology
television,Television
therewasanattempt,Internet Culture and Memes
tifu,Meta/Reddit
Tinder,Family and Relationships
todayilearned,Learning and Education
travel,Travel
TwoXChromosomes,"Race, Gender, and Identity"
Unexpected,Humor
UpliftingNews,World News
videos,Crafts and DIY
wallstreetbets,"Business, Economics, and Finance"
WatchPeopleDieInside,Humor
Whatcouldgowrong,Internet Culture and Memes
wholesomememes,Internet Culture and Memes
worldnews,World News
WritingPrompts,"Reading, Writing, and Literature"
WTF,Emotional Reaction Fuel
